"analyte_abbr","mean_value","median_value","sd_value","min_value","max_value","count"
"EC",1.45763314606742,1.6225,0.543368841519901,0,4.05,194
"NO2",0.0100284090909091,0,0.0400296217429433,0,0.288,190
"NO3",7.10071022727273,8.69,3.14500627682462,0.18,13.5,190
"OP",0.231255681818182,0.2065,0.265413397167709,0,1.96,190
"TDS",1108.13636363636,1210,292.111962167862,150,2100,190
"TKN",3.8689349112426,1.3,7.3996140537563,0,37,183
"TP",0.704505681818182,0.585,0.467038462743507,0,2.9,190
"TSS",1377.8007448743,856.6666667,2446.99327924474,16,28956.66667,194
"pH",8.155,8.18,0.178917807724396,6.71,8.46,194
